Script,Sampling Frequency (Hz),Iteration,Execution Time (s),Peak Memory Usage (MiB),Average Memory Usage (MiB)
pyblksim,1000,1,4.911051034927368,473.921875,273.181640625
pyblksim,1000,2,4.792439937591553,479.015625,277.111328125
pyblksim,1000,3,4.843613147735596,481.203125,280.345703125
pyblksim,1000,4,4.796225070953369,484.8125,283.740234375
pyblksim,1000,5,5.030171155929565,488.0,287.107421875
pyblksim,1000,6,4.777254104614258,492.59375,290.669921875
pyblksim,1000,7,4.822450160980225,495.40625,294.02734375
pyblksim,1000,8,5.162137985229492,499.234375,297.41015625
pyblksim,1000,9,4.872767925262451,501.203125,300.587890625
pyblksim,1000,10,4.838580131530762,504.484375,303.98046875
pyblksim,1000,11,4.928597927093506,508.0,307.326171875
pyblksim,1000,12,4.731230020523071,512.75,310.87109375
pyblksim,1000,13,4.770291328430176,518.203125,314.5078125
pyblksim,1000,14,4.943389892578125,520.28125,317.72265625
pyblksim,1000,15,4.773599147796631,522.4375,320.95703125
pyblksim,1000,16,4.788009166717529,526.6875,324.482421875
pyblksim,1000,17,4.769145965576172,530.546875,327.912109375
pyblksim,1000,18,4.766080141067505,534.625,331.541015625
pyblksim,1000,19,4.782341718673706,537.953125,335.056640625
pyblksim,1000,20,4.780009031295776,541.03125,338.533203125
pyblksim,1000,21,4.790863037109375,544.21875,342.029296875
pyblksim,1000,22,4.7672507762908936,547.46875,345.37890625
pyblksim,1000,23,4.7784647941589355,551.640625,349.130859375
pyblksim,1000,24,4.784929990768433,555.328125,352.787109375
pyblksim,1000,25,4.771174907684326,557.609375,356.341796875
pyblksim,1000,26,4.783259153366089,562.71875,360.078125
pyblksim,1000,27,4.773022890090942,566.75,363.9375
pyblksim,1000,28,4.773297071456909,569.59375,367.607421875
pyblksim,1000,29,4.7787559032440186,574.703125,371.5625
pyblksim,1000,30,4.773996829986572,576.40625,375.08203125
pyblksim,1000,31,4.77701473236084,583.203125,379.263671875
pyblksim,1000,32,4.788370132446289,584.59375,382.751953125
pyblksim,1000,33,4.772618055343628,591.140625,386.90234375
pyblksim,1000,34,4.785145998001099,592.046875,390.328125
pyblksim,1000,35,4.776261806488037,597.0,394.271484375
pyblksim,1000,36,4.785520792007446,600.578125,398.02734375
pyblksim,1000,37,4.80748987197876,605.03125,401.892578125
pyblksim,1000,38,4.802821159362793,608.359375,405.64453125
pyblksim,1000,39,4.7820329666137695,612.0,409.4140625
pyblksim,1000,40,4.77909517288208,616.078125,413.259765625
pyblksim,1000,41,4.7920520305633545,619.296875,416.998046875
pyblksim,1000,42,4.783260822296143,623.21875,420.775390625
pyblksim,1000,43,4.80049729347229,626.84375,424.552734375
pyblksim,1000,44,4.77226710319519,631.671875,428.509765625
pyblksim,1000,45,4.78102970123291,634.984375,432.21875
pyblksim,1000,46,4.787776947021484,637.78125,435.87890625
pyblksim,1000,47,4.783129930496216,643.296875,439.888671875
pyblksim,1000,48,4.774214267730713,646.34375,443.583984375
pyblksim,1000,49,4.7838568687438965,649.25,447.259765625
pyblksim,1000,50,4.798427104949951,653.5,451.15234375
pyblksim,1000,51,4.767466068267822,657.265625,454.92578125
pyblksim,1000,52,4.791129112243652,660.921875,458.6875
pyblksim,1000,53,4.791877269744873,664.078125,462.408203125
pyblksim,1000,54,4.792284727096558,668.8125,466.310546875
pyblksim,1000,55,4.777144193649292,673.453125,470.232421875
pyblksim,1000,56,4.780237197875977,673.953125,473.615234375
pyblksim,1000,57,4.787919998168945,680.40625,477.73046875
pyblksim,1000,58,4.785898208618164,683.484375,481.435546875
pyblksim,1000,59,4.7812700271606445,687.046875,485.205078125
pyblksim,1000,60,4.795142889022827,690.734375,488.998046875
pyblksim,1000,61,4.784618854522705,695.328125,492.900390625
pyblksim,1000,62,4.773578882217407,698.375,496.59375
pyblksim,1000,63,4.7744669914245605,701.65625,500.314453125
pyblksim,1000,64,4.7958972454071045,706.609375,504.25390625
pyblksim,1000,65,4.782094717025757,709.625,507.98046875
pyblksim,1000,66,4.785551071166992,714.234375,511.869140625
pyblksim,1000,67,4.7668328285217285,718.71875,515.75390625
pyblksim,1000,68,4.789445877075195,723.21875,519.63671875
pyblksim,1000,69,4.789276838302612,724.6875,523.13671875
pyblksim,1000,70,4.7875587940216064,729.390625,527.05078125
pyblksim,1000,71,4.779448986053467,734.078125,530.951171875
pyblksim,1000,72,4.789766073226929,736.78125,534.630859375
pyblksim,1000,73,4.7751100063323975,739.734375,538.318359375
pyblksim,1000,74,4.760956048965454,744.34375,542.203125
pyblksim,1000,75,4.791204214096069,748.671875,546.0625
pyblksim,1000,76,4.7768659591674805,751.421875,549.724609375
pyblksim,1000,77,4.785459756851196,755.640625,553.5703125
pyblksim,1000,78,4.774640798568726,758.328125,557.224609375
pyblksim,1000,79,4.80208683013916,762.609375,561.076171875
pyblksim,1000,80,4.787562847137451,768.359375,565.125
pyblksim,1000,81,4.784258127212524,771.390625,568.82421875
pyblksim,1000,82,4.787713050842285,776.15625,572.732421875
pyblksim,1000,83,4.774103164672852,778.5625,576.35546875
pyblksim,1000,84,4.7837958335876465,782.140625,580.134765625
pyblksim,1000,85,4.772274971008301,785.75,583.900390625
pyblksim,1000,86,4.787765979766846,789.296875,587.658203125
pyblksim,1000,87,4.781750917434692,792.53125,591.380859375
pyblksim,1000,88,4.79257607460022,797.953125,595.37890625
pyblksim,1000,89,4.769052982330322,801.625,599.173828125
pyblksim,1000,90,4.786386013031006,805.828125,603.017578125
pyblksim,1000,91,4.775223016738892,809.609375,606.796875
pyblksim,1000,92,4.783826112747192,813.421875,610.5859375
pyblksim,1000,93,4.780843019485474,818.25,614.513671875
pyblksim,1000,94,4.9310619831085205,821.015625,583.8532608695652
pyblksim,1000,95,4.799551963806152,707.65625,506.54296875
pyblksim,1000,96,4.78555703163147,710.125,506.92578125
pyblksim,1000,97,4.769844055175781,710.75,507.037109375
pyblksim,1000,98,4.800432205200195,710.640625,507.056640625
pyblksim,1000,99,4.787074089050293,709.6875,506.98046875
pyblksim,1000,100,4.787168979644775,710.9375,507.19140625
pyblksim,2385,1,3.288647174835205,710.671875,664.1125
pyblksim,2385,2,3.2925941944122314,708.453125,662.375
pyblksim,2385,3,3.279268980026245,708.015625,662.04375
pyblksim,2385,4,3.2693328857421875,708.6875,662.6
pyblksim,2385,5,3.2874631881713867,710.390625,663.975
pyblksim,2385,6,3.2786519527435303,710.234375,671.5911458333334
pyblksim,2385,7,3.2781481742858887,709.109375,662.971875
pyblksim,2385,8,3.2821247577667236,710.984375,664.44375
pyblksim,2385,9,3.2786612510681152,710.21875,663.859375
pyblksim,2385,10,3.2817270755767822,709.125,670.7213541666666
pyblksim,2385,11,3.28023099899292,710.5625,664.20625
pyblksim,2385,12,3.2799832820892334,710.625,664.265625
pyblksim,2385,13,3.2864160537719727,710.03125,663.615625
pyblksim,2385,14,3.274278163909912,711.40625,664.903125
pyblksim,2385,15,3.2872121334075928,711.34375,664.865625
pyblksim,2385,16,3.281667947769165,711.09375,664.721875
pyblksim,2385,17,3.2871012687683105,711.578125,665.11875
pyblksim,2385,18,3.276279926300049,710.90625,664.628125
pyblksim,2385,19,3.2854766845703125,711.34375,672.7161458333334
pyblksim,2385,20,3.2859981060028076,710.828125,664.45
pyblksim,2385,21,3.2842302322387695,713.25,666.590625
pyblksim,2385,22,3.277039051055908,712.609375,666.134375
pyblksim,2385,23,3.2827470302581787,712.03125,673.4244791666666
pyblksim,2385,24,3.2986197471618652,713.390625,666.821875
pyblksim,2385,25,3.3042550086975098,711.265625,665.15625
pyblksim,2385,26,3.282809019088745,713.125,666.615625
pyblksim,2385,27,3.284968852996826,713.375,666.8875
pyblksim,2385,28,3.3032751083374023,714.171875,667.609375
pyblksim,2385,29,3.2760009765625,712.46875,666.20625
pyblksim,2385,30,3.2883119583129883,713.75,675.046875
pyblksim,2385,31,3.2787880897521973,714.421875,667.896875
pyblksim,2385,32,3.2845659255981445,712.8125,666.609375
pyblksim,2385,33,3.2730488777160645,713.828125,667.46875
pyblksim,2385,34,3.2832188606262207,717.828125,669.778125
pyblksim,2385,35,3.285404920578003,722.59375,674.5875
pyblksim,2385,36,3.295797109603882,725.140625,677.55625
pyblksim,2385,37,3.2774558067321777,733.0,685.0875
pyblksim,2385,38,3.2818219661712646,737.265625,689.371875
pyblksim,2385,39,3.286891222000122,742.921875,695.15
pyblksim,2385,40,3.2817940711975098,748.734375,700.79375
pyblksim,2385,41,3.268537998199463,752.90625,705.0875
pyblksim,2385,42,3.284487009048462,760.203125,712.146875
pyblksim,2385,43,3.2732629776000977,764.546875,716.66875
pyblksim,2385,44,3.353184223175049,769.28125,729.4895833333334
pyblksim,2385,45,3.4326870441436768,775.5,727.315625
pyblksim,2385,46,3.4417872428894043,781.578125,733.559375
pyblksim,2385,47,3.435445547103882,786.53125,738.59375
pyblksim,2385,48,3.2853708267211914,790.234375,742.621875
pyblksim,2385,49,3.2829980850219727,797.25,749.1375
pyblksim,2385,50,3.282993793487549,802.03125,754.025
pyblksim,2385,51,3.2730889320373535,808.09375,760.109375
pyblksim,2385,52,3.297637939453125,811.75,772.0703125
pyblksim,2385,53,3.2761008739471436,819.609375,779.484375
pyblksim,2385,54,3.2938449382781982,823.921875,775.934375
pyblksim,2385,55,3.2681801319122314,830.234375,782.10625
pyblksim,2385,56,3.2828800678253174,834.390625,794.4739583333334
pyblksim,2385,57,3.284069061279297,840.0625,792.08125
pyblksim,2385,58,3.2738471031188965,845.734375,805.6953125
pyblksim,2385,59,3.270740032196045,850.0,802.153125
pyblksim,2385,60,3.276196002960205,854.25,806.571875
pyblksim,2385,61,3.284264087677002,860.0,812.221875
pyblksim,2385,62,3.294311285018921,867.4375,819.3125
pyblksim,2385,63,3.2933919429779053,871.25,823.240625
pyblksim,2385,64,3.285245895385742,876.828125,828.75
pyblksim,2385,65,3.2879579067230225,882.75,834.6875
pyblksim,2385,66,3.288102865219116,886.953125,839.115625
pyblksim,2385,67,3.2833287715911865,893.328125,845.353125
pyblksim,2385,68,3.2727949619293213,897.234375,857.4296875
pyblksim,2385,69,3.3006961345672607,903.5625,863.6015625
pyblksim,2385,70,3.284656047821045,908.703125,860.746875
pyblksim,2385,71,3.289151191711426,913.1875,865.48125
pyblksim,2385,72,3.285181999206543,919.171875,871.325
pyblksim,2385,73,3.2817800045013428,924.484375,876.628125
pyblksim,2385,74,3.287832021713257,929.109375,881.396875
pyblksim,2385,75,3.2817981243133545,934.859375,887.025
pyblksim,2385,76,3.287489891052246,941.390625,901.3463541666666
pyblksim,2385,77,3.297136068344116,944.75,897.090625
pyblksim,2385,78,3.2763662338256836,951.53125,911.5677083333334
pyblksim,2385,79,3.2895660400390625,957.78125,909.6
pyblksim,2385,80,3.2832648754119873,960.8125,913.078125
pyblksim,2385,81,3.2776150703430176,966.78125,918.74375
pyblksim,2385,82,3.285520076751709,972.890625,924.909375
pyblksim,2385,83,3.2962570190429688,978.84375,930.7625
pyblksim,2385,84,3.2907280921936035,982.28125,934.353125
pyblksim,2385,85,3.2784841060638428,988.609375,940.6625
pyblksim,2385,86,3.2862589359283447,995.75,955.6666666666666
pyblksim,2385,87,3.291062831878662,1000.171875,952.309375
pyblksim,2385,88,3.2937111854553223,1007.78125,959.36875
pyblksim,2385,89,3.274488925933838,1008.859375,969.4713541666666
pyblksim,2385,90,3.279163122177124,1018.3125,969.95
pyblksim,2385,91,3.2827110290527344,1024.984375,976.696875
pyblksim,2385,92,3.273940086364746,1029.359375,989.4973958333334
pyblksim,2385,93,3.3116979598999023,1035.40625,987.5375
pyblksim,2385,94,3.3036890029907227,1041.0625,993.14375
pyblksim,2385,95,3.2839508056640625,1047.515625,999.55625
pyblksim,2385,96,3.2831778526306152,1054.671875,1014.4973958333334
pyblksim,2385,97,3.305497169494629,1058.5,1018.6276041666666
pyblksim,2385,98,3.3024981021881104,1065.53125,1025.3854166666667
pyblksim,2385,99,3.2906148433685303,1070.234375,1030.4010416666667
pyblksim,2385,100,3.292569160461426,1076.15625,1036.2786458333333
pyblksim,5689,1,3.427781105041504,1091.59375,1064.70625
pyblksim,5689,2,3.4130921363830566,1107.125,1080.153125
pyblksim,5689,3,3.3863561153411865,1120.984375,1094.06875
pyblksim,5689,4,3.397221326828003,1134.328125,1104.421875
pyblksim,5689,5,3.3940820693969727,1149.65625,1122.746875
pyblksim,5689,6,3.405794143676758,1163.328125,1136.4390625
pyblksim,5689,7,3.4005372524261475,1177.5,1150.5984375
pyblksim,5689,8,3.412102699279785,1190.734375,1163.8
pyblksim,5689,9,3.405890941619873,1204.671875,1178.0671875
pyblksim,5689,10,3.413931131362915,1219.9375,1193.2125
pyblksim,5689,11,3.3985416889190674,1235.96875,1208.6296875
pyblksim,5689,12,3.4010539054870605,1248.421875,1221.6671875
pyblksim,5689,13,3.403416156768799,1262.90625,1235.9890625
pyblksim,5689,14,3.4095921516418457,1277.703125,1250.7328125
pyblksim,5689,15,3.3980700969696045,1292.03125,1265.2109375
pyblksim,5689,16,3.4064748287200928,1304.796875,1277.9515625
pyblksim,5689,17,3.4062697887420654,1318.78125,1292.0984375
pyblksim,5689,18,3.397111654281616,1333.671875,1306.70625
pyblksim,5689,19,3.405139923095703,1348.421875,1321.41875
pyblksim,5689,20,3.4083092212677,1362.265625,1335.44375
pyblksim,5689,21,3.389672040939331,1377.296875,1350.3859375
pyblksim,5689,22,3.4033870697021484,1391.09375,1364.2109375
pyblksim,5689,23,3.3992860317230225,1404.984375,1378.16875
pyblksim,5689,24,3.4145758152008057,1418.21875,1391.4734375
pyblksim,5689,25,3.39394211769104,1432.15625,1405.471875
pyblksim,5689,26,3.3952059745788574,1447.140625,1420.35
pyblksim,5689,27,3.406317710876465,1433.375,1406.428125
pyblksim,5689,28,3.398439884185791,1448.125,1417.9166666666667
pyblksim,5689,29,3.3924479484558105,1461.609375,1431.5989583333333
pyblksim,5689,30,3.403656005859375,1474.921875,1448.04375
pyblksim,5689,31,3.4071528911590576,1486.96875,1460.303125
pyblksim,5689,32,3.3895320892333984,1501.5,1474.803125
pyblksim,5689,33,3.4256479740142822,1464.71875,1437.784375
pyblksim,5689,34,3.403032064437866,1478.734375,1451.9796875
pyblksim,5689,35,3.809419870376587,1516.453125,1198.9130067567567
pyblksim,5689,36,3.4072790145874023,735.390625,712.2203125
pyblksim,5689,37,3.411299705505371,737.953125,714.6609375
pyblksim,5689,38,3.4047369956970215,738.125,714.771875
pyblksim,5689,39,3.3932981491088867,736.640625,713.4734375
pyblksim,5689,40,3.4034109115600586,737.859375,714.575
pyblksim,5689,41,3.3932061195373535,736.203125,710.5225694444445
pyblksim,5689,42,3.3919219970703125,737.390625,714.159375
pyblksim,5689,43,3.3890271186828613,736.140625,713.0625
pyblksim,5689,44,3.4036881923675537,737.578125,714.31875
pyblksim,5689,45,3.393537998199463,738.234375,714.94375
pyblksim,5689,46,3.397624969482422,736.296875,710.6440972222222
pyblksim,5689,47,3.392486810684204,739.4375,716.0
pyblksim,5689,48,3.3944990634918213,749.90625,723.609375
pyblksim,5689,49,3.4093313217163086,761.9375,735.646875
pyblksim,5689,50,3.3950788974761963,774.328125,747.996875
pyblksim,5689,51,3.3982996940612793,786.453125,760.2109375
pyblksim,5689,52,3.396561861038208,799.25,769.9947916666666
pyblksim,5689,53,3.384787082672119,812.203125,785.81875
pyblksim,5689,54,3.404005765914917,823.359375,797.125
pyblksim,5689,55,3.402522087097168,835.5625,809.3515625
pyblksim,5689,56,3.405827045440674,847.640625,821.4
pyblksim,5689,57,3.3853211402893066,858.59375,832.55
pyblksim,5689,58,3.3948259353637695,873.375,847.034375
pyblksim,5689,59,3.4011430740356445,884.640625,858.425
pyblksim,5689,60,3.397033929824829,896.953125,870.68125
pyblksim,5689,61,3.3786091804504395,910.859375,884.48125
pyblksim,5689,62,3.3918378353118896,921.46875,892.3298611111111
pyblksim,5689,63,3.390989065170288,935.421875,906.1180555555555
pyblksim,5689,64,3.3998641967773438,945.265625,919.1578125
pyblksim,5689,65,3.3997249603271484,960.203125,933.8359375
pyblksim,5689,66,3.3919308185577393,969.984375,943.83125
pyblksim,5689,67,3.3928592205047607,984.03125,954.8454861111111
pyblksim,5689,68,3.3987481594085693,996.53125,970.2359375
pyblksim,5689,69,3.4032740592956543,1008.578125,982.3328125
pyblksim,5689,70,3.4111812114715576,1020.75,994.51875
pyblksim,5689,71,3.399346113204956,1033.40625,1007.140625
pyblksim,5689,72,3.3880019187927246,1046.625,1020.2546875
pyblksim,5689,73,3.403714895248413,1057.984375,1031.703125
pyblksim,5689,74,3.393807888031006,1070.109375,1043.83125
pyblksim,5689,75,3.3939390182495117,1082.140625,1055.9046875
pyblksim,5689,76,3.3919990062713623,1095.359375,1069.0015625
pyblksim,5689,77,3.383112907409668,1107.953125,1081.553125
pyblksim,5689,78,3.385073184967041,1119.234375,1092.9859375
pyblksim,5689,79,3.3937859535217285,1131.171875,1104.9328125
pyblksim,5689,80,3.4017860889434814,1144.859375,1118.5265625
pyblksim,5689,81,3.395473003387451,1156.109375,1129.875
pyblksim,5689,82,3.3926100730895996,1169.34375,1143.0734375
pyblksim,5689,83,3.4027583599090576,1180.953125,1154.6890625
pyblksim,5689,84,3.3960041999816895,1193.75,1167.459375
pyblksim,5689,85,3.3931050300598145,1207.265625,1180.865625
pyblksim,5689,86,3.3932690620422363,1218.171875,1189.1180555555557
pyblksim,5689,87,3.3892910480499268,1231.65625,1202.4270833333333
pyblksim,5689,88,3.396402359008789,1242.90625,1216.6796875
pyblksim,5689,89,3.3924238681793213,1256.484375,1230.1609375
pyblksim,5689,90,3.3820972442626953,1267.109375,1240.965625
pyblksim,5689,91,3.386029005050659,1279.625,1253.4375
pyblksim,5689,92,3.4113919734954834,1292.671875,1266.3984375
pyblksim,5689,93,3.3976857662200928,1304.796875,1278.5421875
pyblksim,5689,94,3.389909029006958,1316.984375,1290.7953125
pyblksim,5689,95,3.418600082397461,1329.4375,1303.2015625
pyblksim,5689,96,3.4016330242156982,1342.765625,1316.340625
pyblksim,5689,97,3.396761655807495,1354.25,1327.978125
pyblksim,5689,98,3.379302978515625,1367.5,1341.14375
pyblksim,5689,99,3.394915819168091,1379.75,1353.4484375
pyblksim,5689,100,3.3967859745025635,1392.265625,1365.5453125
pyblksim,13572,1,1.9052400588989258,1392.65625,1214.38125
pyblksim,13572,2,1.8831617832183838,1422.0,1367.9125
pyblksim,13572,3,1.8708369731903076,1437.78125,1383.378125
pyblksim,13572,4,1.8784959316253662,1455.734375,1399.65
pyblksim,13572,5,1.8702640533447266,1469.875,1415.521875
pyblksim,13572,6,1.8706681728363037,1484.390625,1430.009375
pyblksim,13572,7,1.8617548942565918,1501.84375,1445.8625
pyblksim,13572,8,1.8674428462982178,1515.703125,1461.646875
pyblksim,13572,9,1.871750831604004,1532.96875,1477.409375
pyblksim,13572,10,1.8751592636108398,1546.671875,1492.5875
pyblksim,13572,11,1.8730556964874268,1561.859375,1507.69375
pyblksim,13572,12,1.8758580684661865,1569.59375,1517.9125
pyblksim,13572,13,1.8754541873931885,1576.84375,1522.8
pyblksim,13572,14,1.875657081604004,1593.40625,1538.35
pyblksim,13572,15,1.8744251728057861,1611.53125,1555.865625
pyblksim,13572,16,1.868070125579834,1626.109375,1570.24375
pyblksim,13572,17,1.8726909160614014,1643.984375,1588.00625
pyblksim,13572,18,1.8616931438446045,1661.15625,1605.065625
pyblksim,13572,19,1.8732080459594727,1675.953125,1620.884375
pyblksim,13572,20,1.8848850727081299,1691.03125,1635.703125
pyblksim,13572,21,1.8758461475372314,1711.046875,1655.028125
pyblksim,13572,22,1.8628249168395996,1726.03125,1670.315625
pyblksim,13572,23,1.8698318004608154,1744.109375,1688.103125
pyblksim,13572,24,1.8936231136322021,1757.0,1701.746875
pyblksim,13572,25,1.88555908203125,1774.140625,1718.64375
pyblksim,13572,26,1.9292571544647217,1788.703125,1733.3625
pyblksim,13572,27,2.0245559215545654,1807.53125,1752.00625
pyblksim,13572,28,2.024432897567749,1824.546875,1768.5375
pyblksim,13572,29,2.2530088424682617,1840.453125,1784.146875
pyblksim,13572,30,2.027763843536377,1856.203125,1801.165625
pyblksim,13572,31,2.008492946624756,1874.515625,1818.146875
pyblksim,13572,32,1.9741456508636475,1891.421875,1835.753125
pyblksim,13572,33,1.9284749031066895,1906.421875,1850.8875
pyblksim,13572,34,1.9325551986694336,1923.40625,1867.7375
pyblksim,13572,35,1.923299789428711,1939.484375,1883.65
pyblksim,13572,36,2.6324617862701416,1947.0625,1494.6671875
pyblksim,13572,37,1.937026023864746,785.671875,739.525
pyblksim,13572,38,1.901850938796997,787.296875,740.559375
pyblksim,13572,39,1.9127459526062012,786.75,740.559375
pyblksim,13572,40,1.926671028137207,788.578125,741.575
pyblksim,13572,41,1.9188296794891357,788.296875,742.09375
pyblksim,13572,42,1.9209914207458496,786.171875,740.378125
pyblksim,13572,43,2.1500959396362305,789.515625,741.75625
pyblksim,13572,44,1.9218590259552002,792.734375,744.74375
pyblksim,13572,45,1.9046857357025146,795.5,747.68125
pyblksim,13572,46,1.9018340110778809,798.890625,749.515625
pyblksim,13572,47,1.9053759574890137,817.46875,761.85625
pyblksim,13572,48,1.9396498203277588,834.140625,778.540625
pyblksim,13572,49,1.9014990329742432,847.8125,794.05625
pyblksim,13572,50,1.9731037616729736,865.28125,809.6875
pyblksim,13572,51,2.0470080375671387,879.859375,825.85
pyblksim,13572,52,1.911696195602417,895.59375,840.23125
pyblksim,13572,53,1.9268591403961182,913.0,857.478125
pyblksim,13572,54,1.9037880897521973,927.84375,873.903125
pyblksim,13572,55,1.9043309688568115,945.03125,889.209375
pyblksim,13572,56,1.9195899963378906,959.171875,905.259375
pyblksim,13572,57,1.8990199565887451,975.5625,919.909375
pyblksim,13572,58,1.9672040939331055,993.03125,937.384375
pyblksim,13572,59,1.8654069900512695,1008.296875,952.903125
pyblksim,13572,60,1.903717041015625,1027.53125,971.640625
pyblksim,13572,61,2.0355660915374756,1040.96875,986.9625
pyblksim,13572,62,1.948720932006836,1055.375,1001.39375
pyblksim,13572,63,1.919571876525879,1070.046875,1016.03125
pyblksim,13572,64,1.9270048141479492,1083.28125,1029.55625
pyblksim,13572,65,1.9612929821014404,1099.03125,1044.990625
pyblksim,13572,66,1.9840161800384521,1114.375,1059.00625
pyblksim,13572,67,2.040661096572876,1130.203125,1076.25
pyblksim,13572,68,1.9114298820495605,1147.0625,1091.44375
pyblksim,13572,69,1.892613172531128,1162.796875,1107.353125
pyblksim,13572,70,1.9077410697937012,1180.25,1124.690625
pyblksim,13572,71,1.8774912357330322,1197.046875,1141.484375
pyblksim,13572,72,1.868546724319458,1213.953125,1158.35
pyblksim,13572,73,1.8709101676940918,1230.921875,1176.515625
pyblksim,13572,74,1.8627338409423828,1243.546875,1189.496875
pyblksim,13572,75,1.862250804901123,1261.21875,1205.303125
pyblksim,13572,76,1.8661680221557617,1277.890625,1221.95625
pyblksim,13572,77,1.8635551929473877,1294.296875,1238.4125
pyblksim,13572,78,1.872671127319336,1309.359375,1253.59375
pyblksim,13572,79,1.8634371757507324,1327.765625,1271.859375
pyblksim,13572,80,1.860055685043335,1341.703125,1287.58125
pyblksim,13572,81,1.868791103363037,1358.984375,1303.046875
pyblksim,13572,82,1.878814935684204,1375.828125,1319.753125
pyblksim,13572,83,1.8614530563354492,1391.09375,1336.678125
pyblksim,13572,84,1.8666119575500488,1404.75,1350.509375
pyblksim,13572,85,1.8632869720458984,1420.328125,1364.75625
pyblksim,13572,86,1.8657171726226807,1435.71875,1381.428125
pyblksim,13572,87,1.8705787658691406,1453.59375,1397.46875
pyblksim,13572,88,1.8682591915130615,1467.890625,1413.496875
pyblksim,13572,89,1.8644027709960938,1482.5,1428.196875
pyblksim,13572,90,1.8708021640777588,1498.78125,1443.046875
pyblksim,13572,91,1.8610610961914062,1515.625,1459.803125
pyblksim,13572,92,1.868931770324707,1529.875,1475.640625
pyblksim,13572,93,1.8695991039276123,1547.078125,1491.275
pyblksim,13572,94,1.8668038845062256,1562.96875,1508.43125
pyblksim,13572,95,1.8645358085632324,1577.09375,1521.41875
pyblksim,13572,96,1.8665580749511719,1595.40625,1539.615625
pyblksim,13572,97,1.8652920722961426,1610.359375,1554.8875
pyblksim,13572,98,1.8698880672454834,1627.15625,1571.6375
pyblksim,13572,99,1.8677270412445068,1645.28125,1589.45
pyblksim,13572,100,1.8670120239257812,1660.328125,1604.86875
pyblksim,32373,1,2.1979668140411377,1704.03125,1651.68359375
pyblksim,32373,2,2.2078118324279785,1746.59375,1694.978515625
pyblksim,32373,3,2.195530891418457,1786.6875,1735.513671875
pyblksim,32373,4,2.181999921798706,1826.0,1774.7265625
pyblksim,32373,5,2.1890981197357178,1863.15625,1815.142578125
pyblksim,32373,6,2.1827199459075928,1897.28125,1849.736328125
pyblksim,32373,7,2.188933849334717,1932.890625,1885.25
pyblksim,32373,8,2.1972460746765137,1969.8125,1919.701171875
pyblksim,32373,9,2.1969919204711914,2002.328125,1955.9765625
pyblksim,32373,10,2.1952319145202637,2039.296875,1990.6484375
pyblksim,32373,11,2.1948680877685547,2082.125,2030.4375
pyblksim,32373,12,2.2002530097961426,2124.8125,2071.966796875
pyblksim,32373,13,2.2078280448913574,2164.09375,2112.26953125
pyblksim,32373,14,2.206629991531372,2201.96875,2151.134765625
pyblksim,32373,15,2.2030200958251953,2232.421875,2186.703125
pyblksim,32373,16,2.20412015914917,2269.1875,2219.986328125
pyblksim,32373,17,2.203986167907715,2300.75,2256.28125
pyblksim,32373,18,2.199371099472046,2327.703125,2283.46875
pyblksim,32373,19,2.893064022064209,2325.515625,1452.595982142857
pyblksim,32373,20,2.194819688796997,883.640625,854.271484375
pyblksim,32373,21,2.196882963180542,884.40625,855.357421875
pyblksim,32373,22,2.1862049102783203,895.03125,858.26171875
pyblksim,32373,23,2.195657253265381,929.90625,882.349609375
pyblksim,32373,24,2.1867659091949463,964.765625,917.3515625
pyblksim,32373,25,2.1878631114959717,998.09375,950.830078125
pyblksim,32373,26,2.1904048919677734,1034.078125,986.328125
pyblksim,32373,27,2.1902358531951904,1068.765625,1021.234375
pyblksim,32373,28,2.189682960510254,1104.328125,1056.853515625
pyblksim,32373,29,2.1963350772857666,1138.875,1091.482421875
pyblksim,32373,30,2.1928138732910156,1172.96875,1125.681640625
pyblksim,32373,31,2.190317153930664,1209.5,1161.82421875
pyblksim,32373,32,2.1900601387023926,1243.3125,1196.060546875
pyblksim,32373,33,2.198840856552124,1278.921875,1231.5546875
pyblksim,32373,34,2.186978816986084,1314.8125,1267.46875
pyblksim,32373,35,2.1857049465179443,1350.109375,1302.814453125
pyblksim,32373,36,2.1843361854553223,1383.09375,1335.7890625
pyblksim,32373,37,2.194070816040039,1418.40625,1371.1015625
pyblksim,32373,38,2.2012648582458496,1453.390625,1405.779296875
pyblksim,32373,39,2.1875579357147217,1489.03125,1441.732421875
pyblksim,32373,40,2.1880290508270264,1521.140625,1474.1484375
pyblksim,32373,41,2.1867480278015137,1558.078125,1510.79296875
pyblksim,32373,42,2.1890408992767334,1592.71875,1544.9609375
pyblksim,32373,43,2.187072992324829,1626.90625,1579.689453125
pyblksim,32373,44,2.186913013458252,1661.796875,1614.36328125
pyblksim,32373,45,2.1894826889038086,1697.265625,1649.9375
pyblksim,32373,46,2.183846950531006,1731.9375,1684.697265625
pyblksim,32373,47,2.1928799152374268,1766.203125,1718.912109375
pyblksim,32373,48,2.187150239944458,1803.375,1755.740234375
pyblksim,32373,49,2.187965154647827,1836.96875,1789.642578125
pyblksim,32373,50,2.186569929122925,1871.109375,1823.822265625
pyblksim,32373,51,2.1936519145965576,1906.65625,1859.216796875
pyblksim,32373,52,2.1996209621429443,1941.859375,1894.462890625
pyblksim,32373,53,2.192193031311035,1976.734375,1929.3125
pyblksim,32373,54,2.1928770542144775,2009.09375,1962.111328125
pyblksim,32373,55,2.188973903656006,2046.1875,1998.84375
pyblksim,32373,56,2.197266101837158,2081.125,2033.861328125
pyblksim,32373,57,2.192061185836792,2115.359375,2068.08203125
pyblksim,32373,58,2.1926069259643555,2149.671875,2101.97265625
pyblksim,32373,59,2.194129228591919,2185.0625,2137.48828125
pyblksim,32373,60,2.1928062438964844,2219.9375,2172.548828125
pyblksim,32373,61,2.1903038024902344,2255.109375,2207.748046875
pyblksim,32373,62,2.188037872314453,2290.296875,2242.9140625
pyblksim,32373,63,2.1864819526672363,2325.046875,2277.533203125
pyblksim,32373,64,2.1989049911499023,2352.015625,2310.251953125
pyblksim,32373,65,2.2026498317718506,2383.46875,2337.384765625
pyblksim,32373,66,2.1859829425811768,2414.359375,2365.169921875
pyblksim,32373,67,2.9687211513519287,2398.90625,1561.8822916666666
pyblksim,32373,68,2.200183153152466,905.859375,877.00390625
pyblksim,32373,69,2.1882288455963135,905.21875,876.431640625
pyblksim,32373,70,2.1998629570007324,906.46875,877.154296875
pyblksim,32373,71,2.2045559883117676,906.53125,877.322265625
pyblksim,32373,72,2.2016890048980713,939.765625,893.2265625
pyblksim,32373,73,2.204497814178467,974.671875,927.25390625
pyblksim,32373,74,2.187066078186035,1007.59375,960.4375
pyblksim,32373,75,2.1928458213806152,1044.203125,996.8046875
pyblksim,32373,76,2.1914138793945312,1077.609375,1030.318359375
pyblksim,32373,77,2.1892189979553223,1112.984375,1065.51953125
pyblksim,32373,78,2.1877601146698,1147.015625,1099.494140625
pyblksim,32373,79,2.1868531703948975,1182.234375,1135.037109375
pyblksim,32373,80,2.1936140060424805,1218.75,1171.140625
pyblksim,32373,81,2.175920009613037,1252.421875,1205.13671875
pyblksim,32373,82,2.20832896232605,1288.1875,1240.46484375
pyblksim,32373,83,2.1989738941192627,1322.5,1274.69921875
pyblksim,32373,84,2.1912848949432373,1356.703125,1309.478515625
pyblksim,32373,85,2.192955255508423,1392.546875,1344.822265625
pyblksim,32373,86,2.1894171237945557,1428.703125,1381.35546875
pyblksim,32373,87,2.191002130508423,1461.984375,1414.171875
pyblksim,32373,88,2.1893351078033447,1496.703125,1449.412109375
pyblksim,32373,89,2.193154811859131,1532.828125,1485.380859375
pyblksim,32373,90,2.189948320388794,1566.125,1518.458984375
pyblksim,32373,91,2.1867730617523193,1602.328125,1554.98046875
pyblksim,32373,92,2.1951050758361816,1639.0625,1591.4765625
pyblksim,32373,93,2.192775011062622,1672.984375,1625.1328125
pyblksim,32373,94,2.1824588775634766,1708.6875,1660.921875
pyblksim,32373,95,2.1851720809936523,1743.796875,1696.333984375
pyblksim,32373,96,2.198429822921753,1778.828125,1730.990234375
pyblksim,32373,97,2.1852169036865234,1814.71875,1766.98828125
pyblksim,32373,98,2.2042267322540283,1847.875,1800.244140625
pyblksim,32373,99,2.193898916244507,1881.84375,1834.41015625
pyblksim,32373,100,2.1910629272460938,1920.65625,1872.837890625
pyblksim,77222,1,2.9978060722351074,1983.953125,1938.3958333333333
pyblksim,77222,2,2.970839023590088,2081.90625,2014.5302083333333
pyblksim,77222,3,2.9662227630615234,2164.328125,2106.898958333333
pyblksim,77222,4,2.973160982131958,2238.328125,2187.209375
pyblksim,77222,5,2.984998941421509,2314.46875,2262.003125
pyblksim,77222,6,3.0008127689361572,2373.796875,2324.6041666666665
pyblksim,77222,7,3.8011350631713867,2403.53125,1529.023097826087
pyblksim,77222,8,2.9818942546844482,936.984375,908.1489583333333
pyblksim,77222,9,2.9860360622406006,1009.25,962.037109375
pyblksim,77222,10,2.980898141860962,1084.265625,1033.228125
pyblksim,77222,11,2.968891143798828,1167.421875,1110.4041666666667
pyblksim,77222,12,2.967301845550537,1243.625,1191.5885416666667
pyblksim,77222,13,2.9696760177612305,1321.90625,1266.8020833333333
pyblksim,77222,14,2.9667205810546875,1394.65625,1342.3895833333333
pyblksim,77222,15,2.970064163208008,1467.421875,1416.2083333333333
pyblksim,77222,16,2.972074031829834,1552.921875,1491.5166666666667
pyblksim,77222,17,2.974093198776245,1642.046875,1578.9552083333333
pyblksim,77222,18,2.9697370529174805,1713.8125,1663.7697916666666
pyblksim,77222,19,2.975116014480591,1787.484375,1735.9375
pyblksim,77222,20,2.9736440181732178,1874.453125,1813.5760416666667
pyblksim,77222,21,2.9739139080047607,1958.453125,1899.1479166666666
pyblksim,77222,22,2.970280885696411,2042.984375,1983.4072916666667
pyblksim,77222,23,2.9753310680389404,2113.15625,2063.625
pyblksim,77222,24,2.9782111644744873,2191.9375,2138.063541666667
pyblksim,77222,25,2.9784419536590576,2211.609375,2176.133333333333
pyblksim,77222,26,2.9909889698028564,2219.578125,2159.3076171875
pyblksim,77222,27,2.9806981086730957,2150.40625,2097.3333333333335
pyblksim,77222,28,3.912402868270874,2184.859375,1607.6041666666667
pyblksim,77222,29,2.985252857208252,1010.46875,993.9189453125
pyblksim,77222,30,2.9627151489257812,1079.140625,1021.3135416666667
pyblksim,77222,31,2.9865481853485107,1153.203125,1105.8544921875
pyblksim,77222,32,2.9834742546081543,1226.984375,1176.065625
pyblksim,77222,33,2.980577230453491,1312.984375,1252.778125
pyblksim,77222,34,2.9693009853363037,1387.703125,1336.4791666666667
pyblksim,77222,35,2.97719407081604,1464.515625,1410.878125
pyblksim,77222,36,2.979560136795044,1549.59375,1489.5427083333334
pyblksim,77222,37,2.9680299758911133,1615.5625,1570.5427083333334
pyblksim,77222,38,2.979292154312134,1691.8125,1640.1625
pyblksim,77222,39,2.9712398052215576,1761.640625,1709.3666666666666
pyblksim,77222,40,2.975074052810669,1843.265625,1786.8291666666667
pyblksim,77222,41,2.9824559688568115,1910.3125,1862.271875
pyblksim,77222,42,2.9920949935913086,1987.75,1934.7802083333333
pyblksim,77222,43,2.9693992137908936,2056.421875,2004.06875
pyblksim,77222,44,2.980494737625122,2128.046875,2074.053125
pyblksim,77222,45,2.9707767963409424,2204.6875,2150.922916666667
pyblksim,77222,46,2.9776411056518555,2279.171875,2225.4822916666667
pyblksim,77222,47,2.983009099960327,2352.4375,2298.873958333333
pyblksim,77222,48,2.991827964782715,2388.5,2342.2604166666665
pyblksim,77222,49,3.7809619903564453,2460.640625,1865.616847826087
pyblksim,77222,50,2.9864389896392822,1066.8125,1049.2604166666667
pyblksim,77222,51,2.9831769466400146,1096.796875,1052.4489583333334
pyblksim,77222,52,2.9832823276519775,1168.1875,1114.1947916666666
pyblksim,77222,53,2.973093032836914,1242.390625,1188.109375
pyblksim,77222,54,2.9838380813598633,1313.484375,1261.23125
pyblksim,77222,55,2.977444887161255,1382.5,1335.1458333333333
pyblksim,77222,56,2.9754841327667236,1458.484375,1404.3010416666666
pyblksim,77222,57,2.9731340408325195,1528.84375,1474.6979166666667
pyblksim,77222,58,2.9882469177246094,1601.25,1547.1125
pyblksim,77222,59,2.978550910949707,1673.015625,1621.1427083333333
pyblksim,77222,60,2.9856808185577393,1749.015625,1694.9020833333334
pyblksim,77222,61,2.979276180267334,1821.5625,1767.2145833333334
pyblksim,77222,62,2.974705219268799,1894.296875,1839.9864583333333
pyblksim,77222,63,2.976811170578003,1966.65625,1912.0770833333333
pyblksim,77222,64,2.968930244445801,2038.078125,1983.4895833333333
pyblksim,77222,65,2.984053134918213,2108.578125,2054.465625
pyblksim,77222,66,2.9889180660247803,2179.484375,2131.689453125
pyblksim,77222,67,2.974332809448242,2255.546875,2201.003125
pyblksim,77222,68,2.994699001312256,2293.578125,2251.415625
pyblksim,77222,69,3.0022871494293213,2277.296875,2220.8864583333334
pyblksim,77222,70,3.9209699630737305,2281.8125,1893.017578125
pyblksim,77222,71,2.9886527061462402,1078.1875,1061.9489583333334
pyblksim,77222,72,3.0018577575683594,1072.421875,1056.5712890625
pyblksim,77222,73,2.9883430004119873,1146.25,1095.8489583333333
pyblksim,77222,74,2.9680380821228027,1226.375,1169.9572916666666
pyblksim,77222,75,2.9825069904327393,1297.671875,1247.3729166666667
pyblksim,77222,76,2.9774580001831055,1370.703125,1320.2166666666667
pyblksim,77222,77,2.9749698638916016,1451.921875,1393.76875
pyblksim,77222,78,2.9633028507232666,1531.671875,1475.634375
pyblksim,77222,79,2.979357957839966,1602.640625,1552.071875
pyblksim,77222,80,2.971328020095825,1674.609375,1626.7583333333334
pyblksim,77222,81,2.98311710357666,1755.296875,1699.5104166666667
pyblksim,77222,82,2.9885849952697754,1822.90625,1776.2197916666667
pyblksim,77222,83,2.964898109436035,1904.0,1846.6645833333334
pyblksim,77222,84,2.992182970046997,1977.578125,1927.690625
pyblksim,77222,85,2.9566729068756104,2051.65625,1998.2833333333333
pyblksim,77222,86,2.961142063140869,2137.15625,2077.139583333333
pyblksim,77222,87,2.978003978729248,2211.515625,2158.9125
pyblksim,77222,88,2.9776079654693604,2287.5,2234.9104166666666
pyblksim,77222,89,2.998310089111328,2360.859375,2309.110416666667
pyblksim,77222,90,2.9945008754730225,2371.171875,2341.1982421875
pyblksim,77222,91,3.8623180389404297,2378.671875,2084.6953125
pyblksim,77222,92,2.9788758754730225,1112.1875,1093.7552083333333
pyblksim,77222,93,2.994910955429077,1101.859375,1081.451171875
pyblksim,77222,94,2.9897968769073486,1132.8125,1092.7744140625
pyblksim,77222,95,2.972640037536621,1205.609375,1155.271875
pyblksim,77222,96,2.9667229652404785,1281.484375,1231.8614583333333
pyblksim,77222,97,2.9838151931762695,1360.078125,1304.8197916666666
pyblksim,77222,98,2.9897947311401367,1426.5625,1382.0791666666667
pyblksim,77222,99,3.0311222076416016,1510.53125,1452.94921875
pyblksim,77222,100,2.99556565284729,1580.421875,1533.371875
pyblksim,184201,1,4.844751834869385,1746.15625,1657.595643939394
pyblksim,184201,2,4.8321568965911865,1911.390625,1824.236268939394
pyblksim,184201,3,4.812637090682983,2080.21875,1992.8541666666667
pyblksim,184201,4,4.834473371505737,2260.78125,2162.4507575757575
pyblksim,184201,5,4.855602979660034,2288.71875,2193.037878787879
pyblksim,184201,6,5.877315044403076,2324.671875,1336.4814680232557
pyblksim,184201,7,4.854305744171143,1169.796875,1077.1155303030303
pyblksim,184201,8,4.841973066329956,1343.140625,1250.2552083333333
pyblksim,184201,9,4.833039045333862,1516.03125,1429.5203598484848
pyblksim,184201,10,4.831135034561157,1703.046875,1606.2182765151515
pyblksim,184201,11,4.851861000061035,1876.859375,1786.921875
pyblksim,184201,12,4.820581912994385,2043.140625,1957.5677083333333
pyblksim,184201,13,4.81131386756897,2229.828125,2132.0894886363635
pyblksim,184201,14,4.847792863845825,2345.96875,2286.151515151515
pyblksim,184201,15,5.869339942932129,2366.671875,1443.5399709302326
pyblksim,184201,16,4.840435266494751,1200.140625,1109.6292613636363
pyblksim,184201,17,4.845647096633911,1362.5625,1273.4280303030303
pyblksim,184201,18,4.848371982574463,1536.921875,1451.4910037878788
pyblksim,184201,19,4.823492050170898,1713.609375,1623.9801136363637
pyblksim,184201,20,4.830944061279297,1891.453125,1799.609375
pyblksim,184201,21,4.825533151626587,2072.125,1979.6969696969697
pyblksim,184201,22,4.814549922943115,2248.890625,2160.4995265151515
pyblksim,184201,23,4.835590839385986,2388.21875,2322.6273674242425
pyblksim,184201,24,5.90547776222229,2379.28125,1502.5250726744187
pyblksim,184201,25,4.854711055755615,1153.03125,1065.549715909091
pyblksim,184201,26,4.8683860301971436,1334.046875,1242.5170454545455
pyblksim,184201,27,4.844293117523193,1506.25,1418.2892992424242
pyblksim,184201,28,4.849907159805298,1685.578125,1594.4422348484848
pyblksim,184201,29,4.85414981842041,1858.90625,1774.0104166666667
pyblksim,184201,30,4.842710971832275,2042.9375,1946.386837121212
pyblksim,184201,31,4.860772132873535,2236.546875,2136.6429924242425
pyblksim,184201,32,4.823467969894409,2362.8125,2285.802556818182
pyblksim,184201,33,5.904778003692627,2370.046875,1577.2572674418604
pyblksim,184201,34,4.923959970474243,1208.4375,1127.9261363636363
pyblksim,184201,35,4.870820045471191,1396.21875,1303.4733455882354
pyblksim,184201,36,4.83927321434021,1566.609375,1481.6467803030303
pyblksim,184201,37,4.824734926223755,1741.578125,1652.0265151515152
pyblksim,184201,38,4.836600065231323,1909.5625,1818.565340909091
pyblksim,184201,39,4.834044933319092,2081.953125,1991.5298295454545
pyblksim,184201,40,4.958333969116211,2268.796875,2173.154411764706
pyblksim,184201,41,5.095139980316162,2368.390625,2309.797767857143
pyblksim,184201,42,6.050864934921265,2308.640625,1627.3029119318182
pyblksim,184201,43,4.8397839069366455,1212.0,1125.5535037878788
pyblksim,184201,44,4.824320077896118,1385.078125,1297.9285037878788
pyblksim,184201,45,4.850045204162598,1566.09375,1476.965909090909
pyblksim,184201,46,4.85152006149292,1738.4375,1651.8210227272727
pyblksim,184201,47,4.854359865188599,1911.21875,1824.564393939394
pyblksim,184201,48,4.8308680057525635,2115.46875,2003.230587121212
pyblksim,184201,49,4.827269077301025,2306.765625,2201.547821969697
pyblksim,184201,50,4.8378520011901855,2375.953125,2333.5042613636365
pyblksim,184201,51,5.935833930969238,2327.84375,1693.7915482954545
pyblksim,184201,52,4.829090118408203,1222.921875,1129.122159090909
pyblksim,184201,53,4.824692964553833,1386.359375,1299.752840909091
pyblksim,184201,54,4.8349220752716064,1549.453125,1468.7561553030303
pyblksim,184201,55,4.825200796127319,1736.5625,1645.2211174242425
pyblksim,184201,56,4.841753244400024,1903.296875,1821.6714015151515
pyblksim,184201,57,4.833176136016846,2088.65625,1993.3664772727273
pyblksim,184201,58,4.825059175491333,2254.9375,2172.266571969697
pyblksim,184201,59,4.827924013137817,2389.140625,2319.319128787879
pyblksim,184201,60,5.9583680629730225,2314.03125,1717.6381392045455
pyblksim,184201,61,4.855335235595703,1221.421875,1149.9086174242425
pyblksim,184201,62,4.847325801849365,1408.921875,1312.2452651515152
pyblksim,184201,63,4.84027099609375,1582.296875,1486.8470643939395
pyblksim,184201,64,4.851211071014404,1760.734375,1667.9734848484848
pyblksim,184201,65,4.89333176612854,1948.84375,1849.0560661764705
pyblksim,184201,66,4.847414970397949,2119.75,2036.9545454545455
pyblksim,184201,67,4.8587751388549805,2317.125,2212.221590909091
pyblksim,184201,68,4.889970302581787,2305.71875,2225.9730113636365
pyblksim,184201,69,5.993788242340088,2170.125,1638.3998579545455
pyblksim,184201,70,4.845628976821899,1184.96875,1121.3598484848485
pyblksim,184201,71,4.8248679637908936,1362.265625,1265.1363636363637
pyblksim,184201,72,4.849231243133545,1554.53125,1451.970643939394
pyblksim,184201,73,4.847920894622803,1743.265625,1641.0426136363637
pyblksim,184201,74,4.850113153457642,1902.96875,1820.4408143939395
pyblksim,184201,75,4.865218877792358,2094.1875,1994.8963068181818
pyblksim,184201,76,4.838496923446655,2267.90625,2180.6079545454545
pyblksim,184201,77,4.881829261779785,2357.421875,2285.583806818182
pyblksim,184201,78,5.931429147720337,2388.8125,1821.522372159091
pyblksim,184201,79,4.833972930908203,1231.515625,1174.6193181818182
pyblksim,184201,80,4.841778039932251,1389.703125,1306.3352272727273
pyblksim,184201,81,4.850127220153809,1560.046875,1476.6567234848485
pyblksim,184201,82,4.839908123016357,1741.6875,1647.561553030303
pyblksim,184201,83,4.851732015609741,1918.328125,1829.0748106060605
pyblksim,184201,84,4.833598852157593,2088.515625,1999.7282196969697
pyblksim,184201,85,4.828570127487183,2271.875,2177.442234848485
pyblksim,184201,86,4.838423013687134,2413.25,2344.3802083333335
pyblksim,184201,87,5.865200996398926,2594.03125,2016.0712209302326
pyblksim,184201,88,4.855970859527588,1229.375,1166.1169507575758
pyblksim,184201,89,4.836211919784546,1399.515625,1311.4389204545455
pyblksim,184201,90,4.865040302276611,1581.28125,1489.3172348484848
pyblksim,184201,91,4.870654821395874,1763.171875,1668.7608901515152
pyblksim,184201,92,4.871052026748657,1932.96875,1845.5942234848485
pyblksim,184201,93,4.821763038635254,2117.953125,2023.2088068181818
pyblksim,184201,94,4.833195209503174,2300.484375,2206.8735795454545
pyblksim,184201,95,4.862869024276733,2393.09375,2336.8030303030305
pyblksim,184201,96,5.929237604141235,2338.953125,1917.0755813953488
pyblksim,184201,97,5.014482021331787,1243.015625,1190.596590909091
pyblksim,184201,98,4.839550256729126,1407.21875,1320.6330492424242
pyblksim,184201,99,4.851532936096191,1574.796875,1483.7798295454545
pyblksim,184201,100,4.851815938949585,1782.34375,1673.627840909091
pyblksim,439381,1,9.354384899139404,2229.65625,1995.2397203947369
pyblksim,439381,2,9.310223817825317,2391.828125,2285.6860608552633
pyblksim,439381,3,10.54443907737732,2273.765625,1133.7127130681818
pyblksim,439381,4,9.241977214813232,1744.109375,1508.4483333333333
pyblksim,439381,5,9.307076215744019,2194.625,1957.409333881579
pyblksim,439381,6,10.023349046707153,2799.65625,2229.1726280120483
pyblksim,439381,7,9.245707988739014,1698.3125,1472.9502467105262
pyblksim,439381,8,9.259122848510742,2177.421875,1936.568667763158
pyblksim,439381,9,9.31075406074524,2573.046875,2394.099300986842
pyblksim,439381,10,10.588809967041016,2526.5625,1949.1652298850574
pyblksim,439381,11,9.382604122161865,1570.671875,1343.2791940789473
pyblksim,439381,12,9.298702239990234,2049.546875,1808.840666118421
pyblksim,439381,13,9.305282831192017,2520.59375,2277.943667763158
pyblksim,439381,14,10.364838123321533,2793.234375,1894.6989462209303
pyblksim,439381,15,9.29052996635437,1675.375,1455.9728618421052
pyblksim,439381,16,9.300828218460083,2152.03125,1913.510896381579
pyblksim,439381,17,9.312574863433838,2624.59375,2386.056949013158
pyblksim,439381,18,10.320365905761719,2753.015625,1703.3481104651162
pyblksim,439381,19,9.279978036880493,1664.96875,1448.353824013158
pyblksim,439381,20,9.311617851257324,2146.171875,1905.47265625
pyblksim,439381,21,9.30821418762207,2636.65625,2392.2682976973683
pyblksim,439381,22,10.212043046951294,2838.875,1446.082169117647
pyblksim,439381,23,9.236042976379395,1676.828125,1433.231875
pyblksim,439381,24,9.321709871292114,2161.265625,1912.7738486842106
pyblksim,439381,25,9.32395601272583,2633.75,2394.5548930921054
pyblksim,439381,26,10.168803930282593,2839.6875,1227.8692336309523
pyblksim,439381,27,9.242415189743042,1681.015625,1469.55625
pyblksim,439381,28,9.305669784545898,2171.265625,1925.033511513158
pyblksim,439381,29,10.011825799942017,2769.90625,2193.4326054216867
pyblksim,439381,30,9.289606809616089,1677.28125,1445.3028371710527
pyblksim,439381,31,9.33804202079773,2156.671875,1913.1850328947369
pyblksim,439381,32,9.32005500793457,2600.859375,2382.0499188311687
pyblksim,439381,33,10.674064874649048,2535.734375,1953.3515625
pyblksim,439381,34,9.26565670967102,1575.765625,1352.01953125
pyblksim,439381,35,9.276437044143677,2051.375,1813.1850328947369
pyblksim,439381,36,9.320069074630737,2526.515625,2284.5428165584417
pyblksim,439381,37,10.357863187789917,2798.421875,1904.5833333333333
pyblksim,439381,38,9.252526044845581,1683.09375,1472.8470394736842
pyblksim,439381,39,9.329584121704102,2128.5,1904.9510957792209
pyblksim,439381,40,9.303102016448975,2594.15625,2359.528003246753
pyblksim,439381,41,10.264088869094849,2838.671875,1666.9202398255813
pyblksim,439381,42,9.269464254379272,1620.59375,1392.2958470394738
pyblksim,439381,43,9.305238723754883,2102.875,1860.7205762987012
pyblksim,439381,44,9.352904319763184,2571.59375,2332.981737012987
pyblksim,439381,45,10.189265012741089,2861.265625,1394.6704044117646
pyblksim,439381,46,9.255275964736938,1613.6875,1395.0454358552631
pyblksim,439381,47,9.30991816520691,2107.9375,1859.202922077922
pyblksim,439381,48,10.029881000518799,2797.859375,2336.3244047619046
pyblksim,439381,49,9.364708662033081,1678.453125,1465.5691964285713
pyblksim,439381,50,9.680464267730713,2138.4375,1905.9986328125
pyblksim,439381,51,9.42085886001587,2614.109375,2371.713676948052
pyblksim,439381,52,10.560055017471313,2690.65625,2254.11797752809
pyblksim,439381,53,9.25940489768982,1481.578125,1271.8122944078948
pyblksim,439381,54,9.289687871932983,1922.03125,1700.8630275974026
pyblksim,439381,55,9.349053859710693,2411.171875,2163.9488636363635
pyblksim,439381,56,10.375308752059937,2687.703125,2009.449533045977
pyblksim,439381,57,9.274347066879272,1509.90625,1290.0805921052631
pyblksim,439381,58,9.325035810470581,1985.53125,1748.739448051948
pyblksim,439381,59,9.267952919006348,2471.828125,2225.189761513158
pyblksim,439381,60,10.219656229019165,2900.71875,1905.7906976744187
pyblksim,439381,61,9.275166988372803,1643.359375,1423.7724095394738
pyblksim,439381,62,9.329263925552368,2099.21875,1865.268262987013
pyblksim,439381,63,9.301980972290039,2576.53125,2336.0170641447367
pyblksim,439381,64,10.107241153717041,2891.796875,1670.871837797619
pyblksim,439381,65,9.262803077697754,1608.0,1400.0939555921052
pyblksim,439381,66,9.303727149963379,2088.421875,1840.3192845394738
pyblksim,439381,67,9.325220823287964,2550.5625,2315.3310032894738
pyblksim,439381,68,10.147197246551514,2840.984375,1359.475074404762
pyblksim,439381,69,9.259997844696045,1614.90625,1384.3462171052631
pyblksim,439381,70,9.332149028778076,2094.5,1848.7456825657894
pyblksim,439381,71,9.986604928970337,2761.875,2293.0137424698796
pyblksim,439381,72,9.239043235778809,1674.53125,1488.6647916666666
pyblksim,439381,73,9.301915884017944,2143.40625,1907.740542763158
pyblksim,439381,74,9.278380155563354,2607.21875,2372.9463404605262
pyblksim,439381,75,10.509215831756592,2731.953125,2295.5953663793102
pyblksim,439381,76,9.339667081832886,1478.96875,1269.3620476973683
pyblksim,439381,77,9.329312801361084,1924.109375,1698.1502878289473
pyblksim,439381,78,9.261085748672485,2411.46875,2164.5466694078946
pyblksim,439381,79,10.39619517326355,2783.609375,2035.4042514534883
pyblksim,439381,80,9.250498056411743,1517.453125,1310.694375
pyblksim,439381,81,9.336152076721191,1995.6875,1754.682771381579
pyblksim,439381,82,9.31635594367981,2471.5,2229.8190789473683
pyblksim,439381,83,10.388437032699585,2753.671875,1876.8773619186047
pyblksim,439381,84,9.401067018508911,1591.359375,1391.2090871710527
pyblksim,439381,85,9.317176103591919,2048.5,1815.2654194078948
pyblksim,439381,86,9.260592937469482,2526.234375,2286.8270970394738
pyblksim,439381,87,10.136144161224365,2873.921875,1602.4957217261904
pyblksim,439381,88,9.228585243225098,1612.375,1365.8110416666666
pyblksim,439381,89,9.331122875213623,2067.3125,1827.1301398026317
pyblksim,439381,90,9.30839991569519,2528.296875,2293.5493421052633
pyblksim,439381,91,10.12456226348877,2837.328125,1386.4637276785713
pyblksim,439381,92,9.289040327072144,1635.90625,1419.5394736842106
pyblksim,439381,93,9.31038498878479,2091.71875,1857.02734375
pyblksim,439381,94,10.015588998794556,2743.578125,2286.8307605421687
pyblksim,439381,95,9.304569959640503,1586.015625,1385.6190378289473
pyblksim,439381,96,9.254734992980957,2061.90625,1818.8404605263158
pyblksim,439381,97,9.281264305114746,2522.25,2287.789679276316
pyblksim,439381,98,10.604487895965576,2682.421875,2241.899502840909
pyblksim,439381,99,9.30831503868103,1490.640625,1281.280427631579
pyblksim,439381,100,9.288830041885376,1944.84375,1721.6346628289473
pyblksim,1048072,1,20.91286301612854,2704.046875,2078.7278576203207
pyblksim,1048072,2,20.282794952392578,2625.296875,2181.9016853932585
pyblksim,1048072,3,21.716116905212402,2659.34375,1555.8837076822917
pyblksim,1048072,4,20.816946983337402,2981.3125,2136.7544398907103
pyblksim,1048072,5,20.04630398750305,2763.21875,2293.6587078651687
pyblksim,1048072,6,21.8822021484375,2811.515625,1922.9859132124352
pyblksim,1048072,7,20.510295152664185,2580.96875,2018.2463541666666
pyblksim,1048072,8,20.97087287902832,3051.53125,1424.474734042553
pyblksim,1048072,9,20.566897869110107,2684.59375,1924.9652683423913
pyblksim,1048072,10,20.19452404975891,2792.109375,2222.864322916667
pyblksim,1048072,11,21.1656391620636,2946.953125,1684.1898974867725
pyblksim,1048072,12,20.836408853530884,2881.640625,2025.7677364864865
pyblksim,1048072,13,20.65066409111023,2870.796875,2304.804093070652
pyblksim,1048072,14,21.437341928482056,2917.140625,2031.0537109375
pyblksim,1048072,15,20.58238697052002,2541.28125,1966.42734375
pyblksim,1048072,16,21.091630220413208,3004.84375,1455.6321924603174
pyblksim,1048072,17,20.656177282333374,2694.40625,1947.5778702445652
pyblksim,1048072,18,20.11664891242981,2791.75,2223.4466145833335
pyblksim,1048072,19,21.429858922958374,2883.0,1805.94140625
pyblksim,1048072,20,20.106504201889038,2599.296875,2046.1153980446927
pyblksim,1048072,21,20.782373905181885,2898.578125,1148.426747311828
pyblksim,1048072,22,20.6320321559906,2532.78125,1777.8478885135135
pyblksim,1048072,23,20.21468687057495,2719.015625,2144.7828038674033
pyblksim,1048072,24,21.269436836242676,2924.203125,1533.3967105263157
pyblksim,1048072,25,20.641147136688232,2723.59375,2020.1627533783783
pyblksim,1048072,26,20.050997018814087,2859.25,2269.190817039106
pyblksim,1048072,27,21.451392889022827,2953.9375,1889.2027994791667
pyblksim,1048072,28,20.47824192047119,2550.5,1983.236545138889
pyblksim,1048072,29,20.982967853546143,2981.546875,1319.4453125
pyblksim,1048072,30,20.62766122817993,2631.015625,1873.2188349184783
pyblksim,1048072,31,20.108489990234375,2795.140625,2227.653732638889
pyblksim,1048072,32,21.272356748580933,2892.828125,1615.7852796052632
pyblksim,1048072,33,21.40988802909851,2878.9375,1995.2524671052631
pyblksim,1048072,34,20.034693717956543,2876.15625,2323.4971194134077
pyblksim,1048072,35,21.45312786102295,2952.140625,2010.326904296875
pyblksim,1048072,36,20.572432041168213,2547.84375,1984.6375
pyblksim,1048072,37,21.09862494468689,2986.015625,1434.146412037037
pyblksim,1048072,38,20.522622108459473,2707.546875,1963.012398097826
pyblksim,1048072,39,20.059031009674072,2823.59375,2250.824284217877
pyblksim,1048072,40,21.38636016845703,2884.5625,1808.7013346354167
pyblksim,1048072,41,20.75263524055481,2918.609375,2146.90464527027
pyblksim,1048072,42,20.117353916168213,2886.09375,2323.954079861111
pyblksim,1048072,43,21.78798198699951,2958.21875,2053.7751602564103
pyblksim,1048072,44,20.594159841537476,2466.484375,1894.1756944444444
pyblksim,1048072,45,21.01000690460205,3253.90625,1495.9475565159576
pyblksim,1048072,46,20.665522813796997,2757.0625,1984.127184139785
pyblksim,1048072,47,20.080116987228394,2849.265625,2281.7392955801106
pyblksim,1048072,48,21.310393810272217,2964.84375,1902.7985751295337
pyblksim,1048072,49,20.31609535217285,2536.15625,1971.4300759668508
pyblksim,1048072,50,20.743693113327026,3051.34375,1225.1837599734042
pyblksim,1048072,51,20.50600290298462,2600.640625,1848.9085304054054
pyblksim,1048072,52,20.192152976989746,2806.890625,2236.055889423077
pyblksim,1048072,53,21.79166007041931,2904.5,1605.3784279336735
pyblksim,1048072,54,20.722108840942383,2778.078125,2014.810819892473
pyblksim,1048072,55,20.12655472755432,2803.46875,2234.8826830110497
pyblksim,1048072,56,21.469161987304688,2887.0,1913.4851804123712
pyblksim,1048072,57,20.506982803344727,2571.578125,2012.0776957417581
pyblksim,1048072,58,21.060178995132446,3107.125,1436.032722513089
pyblksim,1048072,59,20.599731922149658,2672.328125,1913.3775201612902
pyblksim,1048072,60,20.029733896255493,2744.421875,2172.0641401933703
pyblksim,1048072,61,21.398294925689697,2837.53125,1631.046630859375
pyblksim,1048072,62,20.531682014465332,2834.5625,2037.2566598360656
pyblksim,1048072,63,19.9667329788208,2895.0625,2340.3214536516853
pyblksim,1048072,64,21.583091974258423,2983.640625,2012.3724093264248
pyblksim,1048072,65,20.538068056106567,2478.34375,1913.295666436464
pyblksim,1048072,66,21.025079011917114,3056.75,1498.3829787234042
pyblksim,1048072,67,20.584145069122314,2736.90625,1969.598335597826
pyblksim,1048072,68,20.509278059005737,2766.21875,2200.045415521978
pyblksim,1048072,69,21.833619832992554,2732.125,1679.3425356217617
pyblksim,1048072,70,20.627466917037964,2545.390625,1971.073549723757
pyblksim,1048072,71,20.92861008644104,2963.28125,1159.7869318181818
pyblksim,1048072,72,20.510320901870728,2526.21875,1788.4858265027322
pyblksim,1048072,73,19.988660097122192,2735.078125,2160.5522296348313
pyblksim,1048072,74,21.274248838424683,2814.28125,1428.8385143979058
pyblksim,1048072,75,20.632611989974976,2710.328125,1971.135105298913
pyblksim,1048072,76,19.960837841033936,2820.015625,2250.1649403089887
pyblksim,1048072,77,21.510865211486816,2867.1875,1860.7087920984457
pyblksim,1048072,78,20.284289121627808,2601.0625,2059.21953125
pyblksim,1048072,79,20.889161348342896,3075.71875,1272.8067346256685
pyblksim,1048072,80,20.549627780914307,2626.734375,1863.7921195652175
pyblksim,1048072,81,20.012282848358154,2770.203125,2201.0867667597763
pyblksim,1048072,82,20.989036798477173,2998.0625,1650.4567819148936
pyblksim,1048072,83,20.70737600326538,2820.375,2042.2304054054055
pyblksim,1048072,84,19.89207673072815,2815.515625,2235.230863764045
pyblksim,1048072,85,21.33204674720764,2936.8125,1990.5124345549739
pyblksim,1048072,86,20.51747989654541,2560.109375,1988.9480902777777
pyblksim,1048072,87,21.06876230239868,3030.4375,1489.7541335978835
pyblksim,1048072,88,20.501384973526,2720.140625,1976.0581454918033
pyblksim,1048072,89,20.16602611541748,2811.59375,2239.272916666667
pyblksim,1048072,90,21.429993152618408,2917.609375,1759.85107421875
pyblksim,1048072,91,21.398322105407715,2836.359375,2087.811924342105
pyblksim,1048072,92,20.11377477645874,2881.328125,2325.360763888889
pyblksim,1048072,93,21.598703861236572,2947.734375,2072.5210212628867
pyblksim,1048072,94,20.55216693878174,2553.984375,2011.0675347222223
pyblksim,1048072,95,21.011224031448364,3130.09375,1583.7735206117022
pyblksim,1048072,96,20.600412845611572,2772.296875,2032.3739809782608
pyblksim,1048072,97,19.86220908164978,2761.140625,2184.4725459039546
pyblksim,1048072,98,21.34459400177002,2914.4375,1867.197234947644
pyblksim,1048072,99,20.30457901954651,2573.46875,2019.7278645833333
pyblksim,1048072,100,20.967827081680298,2886.546875,1198.2263131648936
pyblksim,2499999,1,46.58083486557007,2789.046875,2111.1689881639722
pyblksim,2499999,2,48.99469304084778,2853.0,1747.3846578366447
pyblksim,2499999,3,48.661839962005615,3523.984375,1755.5232802013422
pyblksim,2499999,4,48.949383020401,3433.984375,2221.282043322296
pyblksim,2499999,5,48.567007064819336,3543.609375,1708.7765554932735
pyblksim,2499999,6,47.243634939193726,3146.53125,1870.5244207665903
pyblksim,2499999,7,48.24422478675842,3388.15625,1954.5777396300448
pyblksim,2499999,8,47.69383978843689,3378.875,1977.7728146355353
pyblksim,2499999,9,47.78355097770691,3342.25,2134.7707162921347
pyblksim,2499999,10,47.49241495132446,3620.5,2116.4917763157896
pyblksim,2499999,11,47.727490186691284,3458.078125,2144.4589667792793
pyblksim,2499999,12,47.67722296714783,3618.15625,2040.056399828767
pyblksim,2499999,13,48.19152808189392,3328.515625,1984.7394435123042
pyblksim,2499999,14,47.90168118476868,3646.078125,1987.5672831632653
pyblksim,2499999,15,48.37543511390686,3331.921875,2022.246616908482
pyblksim,2499999,16,48.091076135635376,3618.703125,1986.8216558257918
pyblksim,2499999,17,48.37887787818909,3472.34375,2107.3755929129466
pyblksim,2499999,18,48.00765371322632,3582.59375,1848.5758574263039
pyblksim,2499999,19,48.46584606170654,3298.28125,1976.8611149777282
pyblksim,2499999,20,48.12388014793396,3483.46875,1852.2235576923076
pyblksim,2499999,21,48.36026692390442,3601.390625,2155.559988839286
pyblksim,2499999,22,48.27645778656006,3506.609375,1864.3152449324325
pyblksim,2499999,23,48.94610404968262,3508.859375,2154.851441777042
pyblksim,2499999,24,48.56138205528259,3542.34375,1815.183235458613
pyblksim,2499999,25,48.8707058429718,3426.984375,2149.6823492809735
pyblksim,2499999,26,48.11258101463318,3564.515625,1771.0165087669684
pyblksim,2499999,27,47.133466958999634,3298.75,1852.4756665711009
pyblksim,2499999,28,47.86126494407654,3431.171875,2229.9964536516854
pyblksim,2499999,29,47.49086594581604,3400.046875,1947.2721889269405
pyblksim,2499999,30,48.01311898231506,3453.359375,2295.156840277778
pyblksim,2499999,31,47.51190996170044,3552.875,2095.0353245464853
pyblksim,2499999,32,48.06037902832031,3409.0625,2141.087735066372
pyblksim,2499999,33,47.72602987289429,3706.734375,2096.7824113175675
pyblksim,2499999,34,48.34725308418274,3460.421875,2113.3781803097345
pyblksim,2499999,35,48.01604604721069,3586.984375,2015.2210972533633
pyblksim,2499999,36,48.45655965805054,3545.859375,2091.960572104677
pyblksim,2499999,37,48.139167070388794,3619.484375,1878.4622661564626
pyblksim,2499999,38,48.508145809173584,3337.578125,1953.797675389755
pyblksim,2499999,39,48.24876594543457,3401.953125,1939.2857294018058
pyblksim,2499999,40,48.55595088005066,3485.296875,2132.710138888889
pyblksim,2499999,41,48.22140288352966,3438.609375,1863.5248099662163
pyblksim,2499999,42,48.82528614997864,3590.390625,2147.7706028761063
pyblksim,2499999,43,48.30054306983948,3341.515625,1859.952561936937
pyblksim,2499999,44,49.16731381416321,3427.4375,2123.417754120879
pyblksim,2499999,45,48.838396310806274,3468.890625,1833.7123120824053
pyblksim,2499999,46,50.230833768844604,3436.8125,2035.5357526881721
pyblksim,2499999,47,48.658185958862305,3514.296875,1826.2938688478748
pyblksim,2499999,48,49.6057448387146,3503.203125,2217.871059782609
pyblksim,2499999,49,48.25527906417847,3505.109375,1818.2872460496615
pyblksim,2499999,50,47.39306020736694,3466.765625,1995.257118451025
pyblksim,2499999,51,47.786911964416504,3423.828125,2262.7774578651683
pyblksim,2499999,52,47.6217577457428,3463.46875,1990.140232591324
pyblksim,2499999,53,47.95097494125366,3371.171875,2115.6528867713005
pyblksim,2499999,54,47.68627190589905,3667.1875,2104.3853217539863
pyblksim,2499999,55,47.860702991485596,3527.8125,2285.8850421348316
pyblksim,2499999,56,47.8049840927124,3718.25,2155.419708806818
pyblksim,2499999,57,48.22308707237244,3519.4375,2153.6484899328857
pyblksim,2499999,58,47.723551988601685,3688.03125,2133.1166358200458
pyblksim,2499999,59,48.569249868392944,3683.890625,2181.9769097222224
pyblksim,2499999,60,47.881529092788696,3646.421875,2030.151278409091
pyblksim,2499999,61,48.73167181015015,3388.0,2065.937465354767
pyblksim,2499999,62,48.22172498703003,3464.8125,1852.2235821106094
pyblksim,2499999,63,48.49661684036255,3648.421875,2203.1882655902004
pyblksim,2499999,64,48.2081880569458,3603.84375,1961.1710637697518
pyblksim,2499999,65,48.46455788612366,3513.703125,2194.5399498886413
pyblksim,2499999,66,48.45205020904541,3427.234375,1885.2955758426967
pyblksim,2499999,67,49.326622009277344,3557.953125,2203.559628008753
pyblksim,2499999,68,48.60914611816406,3519.921875,1850.0191554809844
pyblksim,2499999,69,49.51646590232849,3490.0,2216.4122753267975
pyblksim,2499999,70,47.9837920665741,3597.703125,1820.1217403628118
pyblksim,2499999,71,47.120035886764526,3342.28125,1875.3896932339449
pyblksim,2499999,72,47.925485134124756,3406.15625,2187.8918862107626
pyblksim,2499999,73,47.58251404762268,3485.1875,2096.3310859018266
pyblksim,2499999,74,48.35357999801636,3571.328125,2434.610347222222
pyblksim,2499999,75,47.4758141040802,3545.46875,2055.1841313073396
pyblksim,2499999,76,47.85404014587402,3385.640625,2217.0447682584268
pyblksim,2499999,77,47.66725778579712,3571.65625,2110.8197964123005
pyblksim,2499999,78,48.59727382659912,3360.484375,2013.4503125
pyblksim,2499999,79,47.58072280883789,3696.921875,2135.080699370709
pyblksim,2499999,80,48.36935877799988,3461.09375,2145.9498538418707
pyblksim,2499999,81,47.86999201774597,3519.8125,1927.852237215909
pyblksim,2499999,82,48.55229616165161,3515.015625,2116.6010069444446
pyblksim,2499999,83,47.86678695678711,3718.796875,2005.1263494318182
pyblksim,2499999,84,48.60668587684631,3406.6875,2057.711423611111
pyblksim,2499999,85,48.08664107322693,3624.9375,1849.8047935520362
pyblksim,2499999,86,48.62902116775513,3465.484375,2146.7133680555557
pyblksim,2499999,87,48.28531098365784,3480.125,1830.097022804054
pyblksim,2499999,88,49.13185095787048,3524.9375,2209.994883241758
pyblksim,2499999,89,48.41550588607788,3485.640625,1812.5606039325842
pyblksim,2499999,90,49.61575508117676,3497.1875,2202.481012228261
pyblksim,2499999,91,48.04283022880554,3550.484375,1788.7621527777778
pyblksim,2499999,92,47.134207010269165,3319.3125,1869.02548021789
pyblksim,2499999,93,47.735974073410034,3430.71875,2322.9389780405404
pyblksim,2499999,94,47.41024088859558,3407.921875,1943.5528681506848
pyblksim,2499999,95,48.32223582267761,3451.40625,2130.5182756696427
pyblksim,2499999,96,47.55224895477295,3491.546875,2026.3026147959183
pyblksim,2499999,97,48.319916009902954,3348.328125,1990.2081028761063
pyblksim,2499999,98,47.65534424781799,3517.3125,2111.339588036117
pyblksim,2499999,99,47.88270592689514,3450.796875,2123.5772530691966
pyblksim,2499999,100,47.4010009765625,3555.890625,2142.6353338068184
